[
    {
        "id": 0,
        "title": "마을 이름을 복구하라!",
        "problemText": "&lt;h1&gt;태그를 사용하여<br>마을 이름을 복구하라!",
        "defaultCode": [
          "&lt;body&gt;",
          "&emsp;[[0]] 반짝반짝 뭉뭉 더 힐 🏡 [[1]]",
          "&lt;/body&gt;"
        ],
        "cssCode": [
            "body {",
            "  font-family: DOSSaemmul;",
            "  color: #000;",
            "}"
        ],
        "jsCode": [
            "const villageName = document.querySelector('h1');",
            "villageName.style.fontSize = '50px';",
            "villageName.style.fontWeight = 'bold';"
        ],
        "problemButtons": ["<h1>", "</h1>"],
        "answers": ["<h1>", "</h1>"]
    },
    {
        "id": 1,
        "title": "집을 세워라뭉!",
        "problemText": [
            "&lt;img&gt;태그, house class를 사용하여 집을 세워라!",
            "집을 9cm, 8cm로 하고 싶은데,px로 넣어야 해!",
            "픽셀 계산기를 써보자!"
        ],
        "defaultCode": [
            "&lt;body&gt;",
            "    &lt;[[0]] src=&quot;house.png&quot; alt=&quot;집1&quot; class=&quot;house&quot;&gt;",
            "&lt;/body&gt;"
        ],
        "cssCode": [
            "[[1]] {",
            "  width: [[2]];",
            "  height: [[3]];",
            "}"
        ],
        "problemButtons": [".house", "#house", "img", "302px", "340px", "312px", "330px"],
        "answers": ["img", ".house", "340px", "302px"]
    },
    {
        "id": 2,
        "title": "길을 만들라뭉!",
        "problemText": "&lt;a&gt; 태그와 road id를 사용해서 길을 만들어봐!",
        "defaultCode": [
            "&lt;body&gt;",
            "&emsp;[[0]] href=&quot;forest.html&quot; id=&quot;road&quot;&gt;길 따라가기 →[[1]]",
            "&lt;/body&gt;"
          ],
        "cssCode": [
            "[[2]] {",
            "  display: inline-block;",
            "  padding: 10px 20px;",
            "  background-color: brown;",
            "  color: white;",
            "  text-decoration: none;",
            "  border-radius: 10px;",
            "  font-size: 20px;",
            "}"
        ],
        "problemButtons": ["</a>", "<a>", "#road", ".road"],
        "answers": ["<a>", "</a>", "#road"]
    },
    {
        "id": 3,
        "title": "나무를 심어라뭉!",
        "problemText": "나무가 이상하다!<br>나무를 정렬해보자!",
        "defaultCode": [
            "&lt;body&gt;",
            "    &lt;div class=&quot;forest&quot;&gt;",
            "        &lt;img src=&quot;tree.png&quot; alt=&quot;나무1&quot; class=&quot;tree&quot;&gt;",
            "        &lt;img src=&quot;tree.png&quot; alt=&quot;나무2&quot; class=&quot;tree&quot;&gt;",
            "        &lt;img src=&quot;tree.png&quot; alt=&quot;나무3&quot; class=&quot;tree&quot;&gt;",
            "    &lt;/div&gt;",
            "&lt;/body&gt;"
        ],
        "cssCode": [
            ".forest {",
            "  display: [[0]];",
            "  flex-direction: [[1]];",
            "  justify-content: center;",
            "  gap: 8px;",
            "}",
            ".tree {",
            "  width: 172px;",
            "  height: 262px;",
            "}"
        ],
        "problemButtons": ["row", "grid", "flex", "column"],
        "answers": ["flex", "row"]
    },
    {
        "id": 4,
        "title": "새를 날려 보내달라뭉!",
        "problemText": "헉! 저기에 새가 있잖아?<br>새를 나무로 보내보자!",
        "defaultCode": [
            "&lt;body&gt;",
            "    &lt;div class=&quot;bird-container&quot;&gt;",
            "        &lt;img src=&quot;bird.png&quot; alt=&quot;새1&quot; class=&quot;bird&quot;&gt;",
            "        &lt;img src=&quot;bird.png&quot; alt=&quot;새2&quot; class=&quot;bird&quot;&gt;",
            "        &lt;img src=&quot;bird.png&quot; alt=&quot;새새3&quot; class=&quot;bird&quot;&gt;",
            "    &lt;/div&gt;",
            "&lt;/body&gt;"
        ],
        "cssCode": [
            ".bird-container {",
            "  display: flex;",
            "  justify-content: [[0]];",
            "  align-items: [[1]];",
            "}"
        ],
        "problemButtons": ["space-between", "flex-start", "space-around", "center"],
        "answers": ["space-around", "center"]
    },
    {
        "id": 5,
        "title": "새소리를 듣고싶다뭉!",
        "problemText": "새들은 노래부르는 걸 좋아해!<br>새들의 목소리를 찾아주자!",
        "defaultCode": [
            "&lt;body&gt;",
            "    &lt;[[0]] id=&quot;audio&quot;&gt;",
            "        &lt;[[1]] src=&quot;village.mp3&quot; type=&quot;audio/mpeg&quot;&gt;",
            "    &lt;/[[2]]&gt;",
            "&lt;/body&gt;"
        ],
        "jsCode": [
            "function playAudio() {",
            "    const audio = document.getElementById('audio');",
            "&emsp;[[3]].currentTime = 0;",
            "&emsp;[[4]].play();",
            "}"
        ],
        "problemButtons": ["video", "audio", "sound", "source"],
        "answers": ["audio", "source", "audio", "audio", "audio"]
    },
    {
        "id": 6,
        "title": "리스트를 구성하라뭉!",
        "problemText": "회의 안건이 너무 더러워!<br>리스트를 이용하여 정리해보자!",
        "defaultCode": [
            "&lt;body&gt;",
            "    &lt;h2&gt;회의 안건&lt;/h2&gt;",
            "&emsp;&emsp;[[0]]",
            "&emsp;&emsp;&emsp;[[1]]마을 재건",
            "&emsp;&emsp;&emsp;&emsp;[[2]]",
            "&emsp;&emsp;&emsp;&emsp;&emsp;[[3]]집 세우기[[4]]",
            "&emsp;&emsp;&emsp;&emsp;&emsp;[[5]]길 만들기[[6]]",
            "&emsp;&emsp;&emsp;&emsp;[[7]]",
            "&emsp;&emsp;&emsp;[[8]]",
            " &emsp;&emsp;[[9]]",
            "&lt;/body&gt;"
        ],
        "problemButtons": ["<li>", "</li>", "<ol>", "</ol>", "<ul>", "</ul>"],
        "answers": ["<ol>", "<li>", "<ul>", "<li>", "</li>", "<li>", "</li>", "</ul>", "</li>", "</ol>"]
    },
    {
        "id": 7,
        "title": "토글을 만들어보라뭉!",
        "problemText": "윽 세부사항이 왤케 많냐!<br>안건을 클릭하면 펼쳐지도록 만들어보자자!",
        "defaultCode": [
            "&lt;body&gt;",
            "    &lt;h2&gt;회의 안건&lt;/h2&gt;",
            "&emsp;&emsp;[[0]]",
            "&emsp;&emsp;&emsp;[[1]]1. 마을 재건[[2]]",
            "&emsp;&emsp;&emsp;&emsp;&emsp;&lt;ul&gt;",
            "&emsp;&emsp;&emsp;&emsp;&emsp;&emsp;&lt;li&gt;집 세우기&lt;/li&gt;",
            "&emsp;&emsp;&emsp;&emsp;&emsp;&emsp;&lt;li&gt;길 만들기&lt;/li&gt;",
            "&emsp;&emsp;&emsp;&emsp;&emsp;&lt;/ul&gt;",
            "&emsp;&emsp;[[3]]",
            "&lt;/body&gt;"
        ],
        "problemButtons": ["<summary>", "</summary>", "<details>", "</details>"],
        "answers": ["<details>", "<summary>", "</summary>", "</details>"]
    },
    {
        "id": 8,
        "title": "시장을 만들어보라뭉!",
        "problemText": "시장에 물건을 진열할 거야!<br>물건들을 표로 정리해보자!",
        "defaultCode": [
            "&lt;table class=&quot;text-table&quot;&gt;",
            "&emsp;&lt;thead&gt;",
            "&emsp;&emsp;[[0]]",
            "&emsp;&emsp;&emsp;&nbsp;&lt;th&gt;[[1]]&lt;/th&gt;",
            "&emsp;&emsp;&emsp;&nbsp;&lt;th&gt;과일가게🍍&lt;/th&gt;",
            "&emsp;&emsp;&emsp;&nbsp;&lt;th&gt;[[2]]&lt;/th&gt;",
            "&emsp;&emsp;[[3]]",
            "&emsp;&lt;/thead&gt;",
            "&emsp;&lt;tbody&gt;",
            "&emsp;&emsp;[[4]]",
            "&emsp;&emsp;&emsp;[[5]]갈색 생선&lt;/td&gt;",
            "&emsp;&emsp;&emsp;&emsp;...",
            "&emsp;&emsp;[[6]]",
            "&emsp;&emsp;[[7]]",
            "&emsp;&emsp;&emsp;&nbsp;&lt;td&gt;갈색 생선&lt;/td&gt;",
            "&emsp;&emsp;&emsp;&emsp;...",
            "&emsp;&emsp;[[8]]",
            "&emsp;&lt;/tbody&gt;",
            "&lt;/table&gt;"
        ],
        "problemButtons": ["<tr>", "꽃가게💐", "</tr>", "<td>", "생선가게🐟"],
        "answers": ["<tr>", "생선가게🐟", "꽃가게💐", "</tr>", "<tr>", "<td>", "</tr>", "<tr>", "</tr>"]
    },
    {
        "id": 9,
        "title": "마을 축제를 알려라뭉!",
        "problemText": "곧 마을 축제 시즌이야!<br>일정 팝업 공지를 모달로 띄워보자!",
        "defaultCode": [
            "&lt;[[0]] id=&quot;popup&quot;&gt;",
            "    &lt;h2&gt;< 축제 일정 안내! >&lt;/h2&gt;",
            "    &lt;p&gt;날짜: 5월 1일 ~ 5월 15일&lt;/p&gt;",
            "    &lt;p&gt;장소: 마을 광장&lt;/p&gt;",
            "    &lt;p&gt;공연, 먹거리, 체험부스까지!&lt;/p&gt;",
            "    &lt;[[1]] class=&quot;btn&quot; id=&quot;close&quot;&gt;닫기&lt;[[2]]&gt;",
            "&lt;[[3]]&gt;"
        ],
        "cssCode": [
            "dialog {",
            "  border: none;",
            "  border-radius: 10px;",
            "  padding: 20px;",
            "  text-align: center;",
            "}",
            "&emsp;",
            ".btn {",
            "  padding: 10px 20px;",
            "  font-size: 16px;",
            "  background-color: darkorange;",
            "  color: white;",
            "  border: none;",
            "  border-radius: 8px;",
            "  cursor: pointer;",
            "}"
        ],
        "jsCode": [
            "const popup = document.getElementById('popup');",
            "const openBtn = document.getElementById('open');",
            "const closeBtn = document.getElementById('close');",
            "&emsp;",
            "openBtn.addEventListener('click', () => {",
            "  popup.showModal(); // 모달 열기",
            "});",
            "&emsp;",
            "closeBtn.addEventListener('click', () => {",
            "  popup.close(); // 모달 열기",
            "});"
        ],
        "problemButtons": ["/button", "button", "dialog", "/dialog"],
        "answers": ["dialog", "button", "/button", "/dialog"]
    },
    {
        "id": 10,
        "title": "마을지도를 만들어보라뭉!",
        "problemText": "지도의 도형들을 클릭하면<br>각각의 장소로 이동할 수 있게 해줘>_<",
        "defaultCode": [
            "&lt;img src=&quot;map.png&quot; usemap=&quot;#villageMap&quot; width=&quot;643&quot; height=&quot;816&quot; alt=&quot;Village Map&quot;&gt;",
            "&emsp;",
            "&lt;map name=&quot;villageMap&quot;&gt;",
            "&emsp;&lt;area shape=&quot;rect&quot; coords=&quot;150, 250, 250, 350&quot; href=&quot;house.html&quot; alt=&quot;House&quot;&gt;",
            "&emsp;&lt;area shape=&quot;[[0]]&quot; coords=&quot;[[1]]&quot; href=&quot;house.html&quot; alt=&quot;House&quot;&gt;",
            "&emsp;&lt;area shape=&quot;[[2]]&quot; coords=&quot;[[3]]&quot; href=&quot;conferenceRoom.html&quot; alt=&quot;ConferenceRoom&quot;&gt;",
            "&emsp;&lt;area shape=&quot;[[4]]&quot; coords=&quot;[[5]]&quot; href=&quot;tree.html&quot; alt=&quot;Tree&quot;&gt;",
            "&lt;/map&gt;"
        ],
        "problemButtons": ["rect", "poly", "circle", "325, 375, 50", "300, 500, 400, 500, 350, 600", "450, 300, 550, 400"],
        "answers": ["rect", "450, 300, 550, 400", "circle", "325, 375, 50", "poly", "300, 500, 400, 500, 350, 600"]
    }
]